usage_rgn_cd,region_sido,region_sigungu,drop_reason,mapping_note
11110,서울,종로구,,사용처지역코드 파일 기준
11140,서울,중구,,사용처지역코드 파일 기준
11170,서울,용산구,,사용처지역코드 파일 기준
11200,서울,성동구,,사용처지역코드 파일 기준
11215,서울,광진구,,사용처지역코드 파일 기준
11230,서울,동대문구,,사용처지역코드 파일 기준
11260,서울,중랑구,,사용처지역코드 파일 기준
11290,서울,성북구,,사용처지역코드 파일 기준
11305,서울,강북구,,사용처지역코드 파일 기준
11320,서울,도봉구,,사용처지역코드 파일 기준
11350,서울,노원구,,사용처지역코드 파일 기준
11380,서울,은평구,,사용처지역코드 파일 기준
11410,서울,서대문구,,사용처지역코드 파일 기준
11440,서울,마포구,,사용처지역코드 파일 기준
11470,서울,양천구,,사용처지역코드 파일 기준
11500,서울,강서구,,사용처지역코드 파일 기준
11530,서울,구로구,,사용처지역코드 파일 기준
11545,서울,금천구,,사용처지역코드 파일 기준
11560,서울,영등포구,,사용처지역코드 파일 기준
11590,서울,동작구,,사용처지역코드 파일 기준
11620,서울,관악구,,사용처지역코드 파일 기준
11650,서울,서초구,,사용처지역코드 파일 기준
11680,서울,강남구,,사용처지역코드 파일 기준
11710,서울,송파구,,사용처지역코드 파일 기준
11740,서울,강동구,,사용처지역코드 파일 기준
26110,부산,중구,,사용처지역코드 파일 기준
26140,부산,서구,,사용처지역코드 파일 기준
26170,부산,동구,,사용처지역코드 파일 기준
26200,부산,영도구,,사용처지역코드 파일 기준
26230,부산,부산진구,,사용처지역코드 파일 기준
26260,부산,동래구,,사용처지역코드 파일 기준
26290,부산,남구,,사용처지역코드 파일 기준
26320,부산,북구,,사용처지역코드 파일 기준
26350,부산,해운대구,,사용처지역코드 파일 기준
26380,부산,사하구,,사용처지역코드 파일 기준
26410,부산,금정구,,사용처지역코드 파일 기준
26440,부산,강서구,,사용처지역코드 파일 기준
26470,부산,연제구,,사용처지역코드 파일 기준
26500,부산,수영구,,사용처지역코드 파일 기준
26530,부산,사상구,,사용처지역코드 파일 기준
26710,부산,기장군,,사용처지역코드 파일 기준
27110,대구,중구,,사용처지역코드 파일 기준
27140,대구,동구,,사용처지역코드 파일 기준
27170,대구,서구,,사용처지역코드 파일 기준
27200,대구,남구,,사용처지역코드 파일 기준
27230,대구,북구,,사용처지역코드 파일 기준
27260,대구,수성구,,사용처지역코드 파일 기준
27290,대구,달서구,,사용처지역코드 파일 기준
27710,대구,달성군,,사용처지역코드 파일 기준
27720,,,사용처지역코드 참고파일 미매칭,old clean 기준에 맞춰 제외
28110,인천,중구,,사용처지역코드 파일 기준
28140,인천,동구,,사용처지역코드 파일 기준
28170,,,사용처지역코드 참고파일 미매칭,old clean 기준에 맞춰 제외
28177,인천,미추홀구,,사용처지역코드 파일 기준
28185,인천,연수구,,사용처지역코드 파일 기준
28200,인천,남동구,,사용처지역코드 파일 기준
28237,인천,부평구,,사용처지역코드 파일 기준
28245,인천,계양구,,사용처지역코드 파일 기준
28260,인천,서구,,사용처지역코드 파일 기준
28710,인천,강화군,,사용처지역코드 파일 기준
28720,인천,옹진군,,사용처지역코드 파일 기준
29000,,,광주광역시 광역 합계,시군구 배분 불가 광역 집계라 clean에서 제외
29110,광주,동구,,사용처지역코드 파일 기준
29140,광주,서구,,사용처지역코드 파일 기준
29155,광주,남구,,사용처지역코드 파일 기준
29170,광주,북구,,사용처지역코드 파일 기준
29200,광주,광산구,,사용처지역코드 파일 기준
30110,대전,동구,,사용처지역코드 파일 기준
30140,대전,중구,,사용처지역코드 파일 기준
30170,대전,서구,,사용처지역코드 파일 기준
30200,대전,유성구,,사용처지역코드 파일 기준
30230,대전,대덕구,,사용처지역코드 파일 기준
31110,울산,중구,,사용처지역코드 파일 기준
31140,울산,남구,,사용처지역코드 파일 기준
31170,울산,동구,,사용처지역코드 파일 기준
31200,울산,북구,,사용처지역코드 파일 기준
31710,울산,울주군,,사용처지역코드 파일 기준
36000,,,사용처지역코드 참고파일 미매칭,old clean 기준에 맞춰 제외
36110,,,사용처지역코드 참고파일 시군구명 없음,old clean 기준에 맞춰 제외
41110,,,사용처지역코드 참고파일 미매칭,old clean 기준에 맞춰 제외
41111,경기,수원시,,사용처지역코드 파일 기준
41113,경기,수원시,,사용처지역코드 파일 기준
41115,경기,수원시,,사용처지역코드 파일 기준
41117,경기,수원시,,사용처지역코드 파일 기준
41130,,,사용처지역코드 참고파일 미매칭,old clean 기준에 맞춰 제외
41131,경기,성남시,,사용처지역코드 파일 기준
41133,경기,성남시,,사용처지역코드 파일 기준
41135,경기,성남시,,사용처지역코드 파일 기준
41150,경기,의정부시,,사용처지역코드 파일 기준
41170,,,사용처지역코드 참고파일 미매칭,old clean 기준에 맞춰 제외
41171,경기,안양시,,사용처지역코드 파일 기준
41173,경기,안양시,,사용처지역코드 파일 기준
41190,경기,부천시,,사용처지역코드 파일 기준
41195,,,사용처지역코드 참고파일 미매칭,old clean 기준에 맞춰 제외
41197,,,사용처지역코드 참고파일 미매칭,old clean 기준에 맞춰 제외
41199,,,사용처지역코드 참고파일 미매칭,old clean 기준에 맞춰 제외
41210,경기,광명시,,사용처지역코드 파일 기준
41220,경기,평택시,,사용처지역코드 파일 기준
41250,경기,동두천시,,사용처지역코드 파일 기준
41270,,,사용처지역코드 참고파일 미매칭,old clean 기준에 맞춰 제외
41271,경기,안산시,,사용처지역코드 파일 기준
41273,경기,안산시,,사용처지역코드 파일 기준
41280,,,사용처지역코드 참고파일 미매칭,old clean 기준에 맞춰 제외
41281,경기,고양시,,사용처지역코드 파일 기준
41285,경기,고양시,,사용처지역코드 파일 기준
41287,경기,고양시,,사용처지역코드 파일 기준
41290,경기,과천시,,사용처지역코드 파일 기준
41310,경기,구리시,,사용처지역코드 파일 기준
41360,경기,남양주시,,사용처지역코드 파일 기준
41370,경기,오산시,,사용처지역코드 파일 기준
41390,경기,시흥시,,사용처지역코드 파일 기준
41410,경기,군포시,,사용처지역코드 파일 기준
41430,경기,의왕시,,사용처지역코드 파일 기준
41450,경기,하남시,,사용처지역코드 파일 기준
41460,,,사용처지역코드 참고파일 미매칭,old clean 기준에 맞춰 제외
41461,경기,용인시,,사용처지역코드 파일 기준
41463,경기,용인시,,사용처지역코드 파일 기준
41465,경기,용인시,,사용처지역코드 파일 기준
41480,경기,파주시,,사용처지역코드 파일 기준
41500,경기,이천시,,사용처지역코드 파일 기준
41550,경기,안성시,,사용처지역코드 파일 기준
41570,경기,김포시,,사용처지역코드 파일 기준
41590,경기,화성시,,사용처지역코드 파일 기준
41610,경기,광주시,,사용처지역코드 파일 기준
41630,경기,양주시,,사용처지역코드 파일 기준
41650,경기,포천시,,사용처지역코드 파일 기준
41670,경기,여주시,,사용처지역코드 파일 기준
41800,경기,연천군,,사용처지역코드 파일 기준
41820,경기,가평군,,사용처지역코드 파일 기준
41830,경기,양평군,,사용처지역코드 파일 기준
43110,,,사용처지역코드 참고파일 미매칭,old clean 기준에 맞춰 제외
43111,충북,청주시,,사용처지역코드 파일 기준
43112,충북,청주시,,사용처지역코드 파일 기준
43113,충북,청주시,,사용처지역코드 파일 기준
43114,충북,청주시,,사용처지역코드 파일 기준
43130,충북,충주시,,사용처지역코드 파일 기준
43150,충북,제천시,,사용처지역코드 파일 기준
43720,충북,보은군,,사용처지역코드 파일 기준
43730,충북,옥천군,,사용처지역코드 파일 기준
43740,충북,영동군,,사용처지역코드 파일 기준
43745,충북,증평군,,사용처지역코드 파일 기준
43750,충북,진천군,,사용처지역코드 파일 기준
43760,충북,괴산군,,사용처지역코드 파일 기준
43770,충북,음성군,,사용처지역코드 파일 기준
43800,충북,단양군,,사용처지역코드 파일 기준
44130,,,사용처지역코드 참고파일 미매칭,old clean 기준에 맞춰 제외
44131,충남,천안시,,사용처지역코드 파일 기준
44133,충남,천안시,,사용처지역코드 파일 기준
44150,충남,공주시,,사용처지역코드 파일 기준
44180,충남,보령시,,사용처지역코드 파일 기준
44200,충남,아산시,,사용처지역코드 파일 기준
44210,충남,서산시,,사용처지역코드 파일 기준
44230,충남,논산시,,사용처지역코드 파일 기준
44250,충남,계룡시,,사용처지역코드 파일 기준
44270,충남,당진시,,사용처지역코드 파일 기준
44710,충남,금산군,,사용처지역코드 파일 기준
44760,충남,부여군,,사용처지역코드 파일 기준
44770,충남,서천군,,사용처지역코드 파일 기준
44790,충남,청양군,,사용처지역코드 파일 기준
44800,충남,홍성군,,사용처지역코드 파일 기준
44810,충남,예산군,,사용처지역코드 파일 기준
44825,충남,태안군,,사용처지역코드 파일 기준
46110,전남,목포시,,사용처지역코드 파일 기준
46130,전남,여수시,,사용처지역코드 파일 기준
46150,전남,순천시,,사용처지역코드 파일 기준
46170,전남,나주시,,사용처지역코드 파일 기준
46230,전남,광양시,,사용처지역코드 파일 기준
46710,전남,담양군,,사용처지역코드 파일 기준
46720,전남,곡성군,,사용처지역코드 파일 기준
46730,전남,구례군,,사용처지역코드 파일 기준
46770,전남,고흥군,,사용처지역코드 파일 기준
46780,전남,보성군,,사용처지역코드 파일 기준
46790,전남,화순군,,사용처지역코드 파일 기준
46800,전남,장흥군,,사용처지역코드 파일 기준
46810,전남,강진군,,사용처지역코드 파일 기준
46820,전남,해남군,,사용처지역코드 파일 기준
46830,전남,영암군,,사용처지역코드 파일 기준
46840,전남,무안군,,사용처지역코드 파일 기준
46860,전남,함평군,,사용처지역코드 파일 기준
46870,전남,영광군,,사용처지역코드 파일 기준
46880,전남,장성군,,사용처지역코드 파일 기준
46890,전남,완도군,,사용처지역코드 파일 기준
46900,전남,진도군,,사용처지역코드 파일 기준
46910,전남,신안군,,사용처지역코드 파일 기준
47111,경북,포항시,,사용처지역코드 파일 기준
47113,경북,포항시,,사용처지역코드 파일 기준
47130,경북,경주시,,사용처지역코드 파일 기준
47150,경북,김천시,,사용처지역코드 파일 기준
47170,경북,안동시,,사용처지역코드 파일 기준
47190,경북,구미시,,사용처지역코드 파일 기준
47210,경북,영주시,,사용처지역코드 파일 기준
47230,경북,영천시,,사용처지역코드 파일 기준
47250,경북,상주시,,사용처지역코드 파일 기준
47280,경북,문경시,,사용처지역코드 파일 기준
47290,경북,경산시,,사용처지역코드 파일 기준
47720,대구,군위군,,사용처지역코드 파일 기준
47730,경북,의성군,,사용처지역코드 파일 기준
47750,경북,청송군,,사용처지역코드 파일 기준
47760,경북,영양군,,사용처지역코드 파일 기준
47770,경북,영덕군,,사용처지역코드 파일 기준
47820,경북,청도군,,사용처지역코드 파일 기준
47830,경북,고령군,,사용처지역코드 파일 기준
47840,경북,성주군,,사용처지역코드 파일 기준
47850,경북,칠곡군,,사용처지역코드 파일 기준
47900,경북,예천군,,사용처지역코드 파일 기준
47920,경북,봉화군,,사용처지역코드 파일 기준
47930,경북,울진군,,사용처지역코드 파일 기준
47940,경북,울릉군,,사용처지역코드 파일 기준
48000,,,경상남도 광역 합계,시군구 배분 불가 광역 집계라 clean에서 제외
48120,,,사용처지역코드 참고파일 미매칭,old clean 기준에 맞춰 제외
48121,경남,창원시,,사용처지역코드 파일 기준
48123,경남,창원시,,사용처지역코드 파일 기준
48125,경남,창원시,,사용처지역코드 파일 기준
48127,경남,창원시,,사용처지역코드 파일 기준
48129,경남,창원시,,사용처지역코드 파일 기준
48170,경남,진주시,,사용처지역코드 파일 기준
48220,경남,통영시,,사용처지역코드 파일 기준
48240,경남,사천시,,사용처지역코드 파일 기준
48250,경남,김해시,,사용처지역코드 파일 기준
48270,경남,밀양시,,사용처지역코드 파일 기준
48310,경남,거제시,,사용처지역코드 파일 기준
48330,경남,양산시,,사용처지역코드 파일 기준
48720,경남,의령군,,사용처지역코드 파일 기준
48730,경남,함안군,,사용처지역코드 파일 기준
48740,경남,창녕군,,사용처지역코드 파일 기준
48820,경남,고성군,,사용처지역코드 파일 기준
48840,경남,남해군,,사용처지역코드 파일 기준
48850,경남,하동군,,사용처지역코드 파일 기준
48860,경남,산청군,,사용처지역코드 파일 기준
48870,경남,함양군,,사용처지역코드 파일 기준
48880,경남,거창군,,사용처지역코드 파일 기준
48890,경남,합천군,,사용처지역코드 파일 기준
50000,,,제주특별자치도 광역 합계,시군구 배분 불가 광역 집계라 clean에서 제외
50110,제주,제주시,,사용처지역코드 파일 기준
50130,제주,서귀포시,,사용처지역코드 파일 기준
51000,,,강원특별자치도 광역 합계,시군구 배분 불가 광역 집계라 clean에서 제외
51110,강원,춘천시,,사용처지역코드 파일 기준
51130,강원,원주시,,사용처지역코드 파일 기준
51150,강원,강릉시,,사용처지역코드 파일 기준
51170,강원,동해시,,사용처지역코드 파일 기준
51190,강원,태백시,,사용처지역코드 파일 기준
51210,강원,속초시,,사용처지역코드 파일 기준
51230,강원,삼척시,,사용처지역코드 파일 기준
51720,강원,홍천군,,사용처지역코드 파일 기준
51730,강원,횡성군,,사용처지역코드 파일 기준
51750,강원,영월군,,사용처지역코드 파일 기준
51760,강원,평창군,,사용처지역코드 파일 기준
51770,강원,정선군,,사용처지역코드 파일 기준
51780,강원,철원군,,사용처지역코드 파일 기준
51790,강원,화천군,,사용처지역코드 파일 기준
51800,강원,양구군,,사용처지역코드 파일 기준
51810,강원,인제군,,사용처지역코드 파일 기준
51820,강원,고성군,,사용처지역코드 파일 기준
51830,강원,양양군,,사용처지역코드 파일 기준
52110,,,사용처지역코드 참고파일 미매칭,old clean 기준에 맞춰 제외
52111,전북,전주시,,사용처지역코드 파일 기준
52113,전북,전주시,,사용처지역코드 파일 기준
52130,전북,군산시,,사용처지역코드 파일 기준
52140,전북,익산시,,사용처지역코드 파일 기준
52180,전북,정읍시,,사용처지역코드 파일 기준
52190,전북,남원시,,사용처지역코드 파일 기준
52210,전북,김제시,,사용처지역코드 파일 기준
52710,전북,완주군,,사용처지역코드 파일 기준
52720,전북,진안군,,사용처지역코드 파일 기준
52730,전북,무주군,,사용처지역코드 파일 기준
52740,전북,장수군,,사용처지역코드 파일 기준
52750,전북,임실군,,사용처지역코드 파일 기준
52770,전북,순창군,,사용처지역코드 파일 기준
52790,전북,고창군,,사용처지역코드 파일 기준
52800,전북,부안군,,사용처지역코드 파일 기준
